{
  "drain_dual_regime_ms": {
    "n=100000": {
      "cold_cache": {
        "baseline": {
          "p50_ms": 30.410586,
          "p95_ms": 32.442865000000005
        },
        "mmap": {
          "p50_ms": 38.96228,
          "p95_ms": 42.127570000000006
        },
        "mmap_delta_p50_pct": 28.12078004679029,
        "mmap_delta_p95_pct": 29.85157137016105
      },
      "warm_cache": {
        "baseline": {
          "p50_ms": 30.909286,
          "p95_ms": 32.199146999999996
        },
        "mmap": {
          "p50_ms": 40.071248,
          "p95_ms": 41.064181999999995
        },
        "mmap_delta_p50_pct": 29.64145467481842,
        "mmap_delta_p95_pct": 27.531893934954237
      }
    }
  },
  "function_wall_ms": {
    "compact_events": {
      "n=1": {
        "p50_ms": 0.090475,
        "p95_ms": 0.297072
      },
      "n=100": {
        "p50_ms": 0.117244,
        "p95_ms": 0.205688
      },
      "n=10000": {
        "p50_ms": 2.3510229999999996,
        "p95_ms": 2.9005929999999998
      },
      "n=100000": {
        "p50_ms": 24.499337,
        "p95_ms": 34.402128999999995
      }
    },
    "drain_events": {
      "n=1": {
        "p50_ms": 0.057521,
        "p95_ms": 0.082792
      },
      "n=100": {
        "p50_ms": 0.08110099999999999,
        "p95_ms": 0.094785
      },
      "n=10000": {
        "p50_ms": 4.526734,
        "p95_ms": 5.2523789999999995
      },
      "n=100000": {
        "p50_ms": 42.213711,
        "p95_ms": 44.703668
      }
    },
    "write_event": {
      "n=1": {
        "p50_ms": 0.011141999999999999,
        "p95_ms": 0.014872999999999999
      },
      "n=100": {
        "p50_ms": 0.008882000000000001,
        "p95_ms": 0.010205
      },
      "n=10000": {
        "p50_ms": 0.009026,
        "p95_ms": 0.010750000000000001
      },
      "n=100000": {
        "p50_ms": 0.008771,
        "p95_ms": 0.010924000000000001
      }
    }
  }
}