{
  "function_wall_ms": {
    "compact_events": {
      "n=1": {
        "p50_ms": 0.07037,
        "p95_ms": 0.080522
      },
      "n=100": {
        "p50_ms": 0.103111,
        "p95_ms": 0.155042
      },
      "n=10000": {
        "p50_ms": 2.367247,
        "p95_ms": 3.252801
      },
      "n=100000": {
        "p50_ms": 24.222008,
        "p95_ms": 33.022788999999996
      }
    },
    "drain_events": {
      "n=1": {
        "p50_ms": 0.043532,
        "p95_ms": 0.058338
      },
      "n=100": {
        "p50_ms": 0.067266,
        "p95_ms": 0.09422
      },
      "n=10000": {
        "p50_ms": 4.50536,
        "p95_ms": 5.034841
      },
      "n=100000": {
        "p50_ms": 42.517499,
        "p95_ms": 45.99162
      }
    },
    "write_event": {
      "n=1": {
        "p50_ms": 0.010638,
        "p95_ms": 0.014525999999999999
      },
      "n=100": {
        "p50_ms": 0.008361,
        "p95_ms": 0.008801999999999999
      },
      "n=10000": {
        "p50_ms": 0.008608,
        "p95_ms": 0.01233
      },
      "n=100000": {
        "p50_ms": 0.008759000000000001,
        "p95_ms": 0.009588999999999999
      }
    }
  }
}