{
  "drain_dual_regime_ms": {
    "n=100000": {
      "cold_cache": {
        "baseline": {
          "p50_ms": 30.410586,
          "p95_ms": 32.442865000000005
        },
        "mmap": {
          "p50_ms": 38.96228,
          "p95_ms": 42.127570000000006
        },
        "mmap_delta_p50_pct": 28.12078004679029,
        "mmap_delta_p95_pct": 29.85157137016105
      },
      "warm_cache": {
        "baseline": {
          "p50_ms": 30.909286,
          "p95_ms": 32.199146999999996
        },
        "mmap": {
          "p50_ms": 40.071248,
          "p95_ms": 41.064181999999995
        },
        "mmap_delta_p50_pct": 29.64145467481842,
        "mmap_delta_p95_pct": 27.531893934954237
      }
    }
  },
  "function_wall_ms": {
    "compact_events": {
      "n=1": {
        "p50_ms": 0.08557,
        "p95_ms": 0.11671200000000001
      },
      "n=100": {
        "p50_ms": 0.11269699999999999,
        "p95_ms": 0.148065
      },
      "n=10000": {
        "p50_ms": 2.275076,
        "p95_ms": 2.539177
      },
      "n=100000": {
        "p50_ms": 23.686261000000002,
        "p95_ms": 28.322069
      }
    },
    "drain_events": {
      "n=1": {
        "p50_ms": 0.054346,
        "p95_ms": 0.071763
      },
      "n=100": {
        "p50_ms": 0.077586,
        "p95_ms": 0.09593900000000001
      },
      "n=10000": {
        "p50_ms": 4.548644,
        "p95_ms": 5.119864
      },
      "n=100000": {
        "p50_ms": 41.30184,
        "p95_ms": 43.081037
      }
    },
    "write_event": {
      "n=1": {
        "p50_ms": 0.010644,
        "p95_ms": 0.016098
      },
      "n=100": {
        "p50_ms": 0.008599,
        "p95_ms": 0.009333000000000001
      },
      "n=10000": {
        "p50_ms": 0.008645,
        "p95_ms": 0.010589
      },
      "n=100000": {
        "p50_ms": 0.008563,
        "p95_ms": 0.010679000000000001
      }
    }
  }
}