{
  "drain_dual_regime_ms": {
    "n=100000": {
      "cold_cache": {
        "baseline": {
          "p50_ms": 30.410586,
          "p95_ms": 32.442865000000005
        },
        "mmap": {
          "p50_ms": 38.96228,
          "p95_ms": 42.127570000000006
        },
        "mmap_delta_p50_pct": 28.12078004679029,
        "mmap_delta_p95_pct": 29.85157137016105
      },
      "warm_cache": {
        "baseline": {
          "p50_ms": 30.909286,
          "p95_ms": 32.199146999999996
        },
        "mmap": {
          "p50_ms": 40.071248,
          "p95_ms": 41.064181999999995
        },
        "mmap_delta_p50_pct": 29.64145467481842,
        "mmap_delta_p95_pct": 27.531893934954237
      }
    }
  },
  "function_wall_ms": {
    "compact_events": {
      "n=1": {
        "p50_ms": 0.08836999999999999,
        "p95_ms": 0.119519
      },
      "n=100": {
        "p50_ms": 0.10979,
        "p95_ms": 0.15910100000000002
      },
      "n=10000": {
        "p50_ms": 2.320103,
        "p95_ms": 2.6869020000000003
      },
      "n=100000": {
        "p50_ms": 23.549066,
        "p95_ms": 31.342757
      }
    },
    "drain_events": {
      "n=1": {
        "p50_ms": 0.051767,
        "p95_ms": 0.06848
      },
      "n=100": {
        "p50_ms": 0.077327,
        "p95_ms": 0.107873
      },
      "n=10000": {
        "p50_ms": 4.704333,
        "p95_ms": 5.231295
      },
      "n=100000": {
        "p50_ms": 41.254833,
        "p95_ms": 45.719
      }
    },
    "write_event": {
      "n=1": {
        "p50_ms": 0.010017000000000002,
        "p95_ms": 0.013185
      },
      "n=100": {
        "p50_ms": 0.008595,
        "p95_ms": 0.010655999999999999
      },
      "n=10000": {
        "p50_ms": 0.008548,
        "p95_ms": 0.011677
      },
      "n=100000": {
        "p50_ms": 0.008608,
        "p95_ms": 0.012069000000000002
      }
    }
  }
}